,ate,se,bal,ss,ess
0,0.058228074364900406,0.014504063667058526,0.016580792429966414,5577,4185.573162570072
