"ate","ate_ht","se","se_ht","bal","ess"
0.033740751199796,0.0458519840322785,0.0173316610869698,7.458422350252e-10,0.0187449724796399,3306.31439143674
